{
   "(73, 11, -36)": [
      0.6309345139629703,
      -0.7816194454698195
   ],
   "(-87, -18, 37)": [
      -0.7637428329354056,
      0.5568462812112677
   ],
   "(33, 57, 82)": null,
   "(38, -91, 11)": [
      2.267049425615929,
      0.12768741648933393
   ],
   "(57, 99, -33)": [
      0.2861795246568583,
      -2.023021629920016
   ],
   "(5, 36, -65)": [
      1.4950956811427987,
      -8.6950956811428
   ],
   "(77, 35, -73)": [
      0.7725796821427482,
      -1.2271251366882028
   ],
   "(-46, -54, -86)": null,
   "(-20, 83, 72)": [
      -0.7366943290478787,
      4.886694329047879
   ],
   "(-16, 54, -10)": [
      0.19664244476542958,
      3.1783575552345704
   ],
   "(11, 31, 70)": null,
   "(-39, 63, 3)": [
      -0.04629243504517378,
      1.6616770504297893
   ],
   "(95, 55, -63)": [
      0.574790690033407,
      -1.1537380584544596
   ],
   "(-95, -26, 49)": [
      -0.8679475938604354,
      0.5942633833341195
   ],
   "(-5, 29, -91)": null,
   "(-99, -23, -79)": null,
   "(59, 42, -66)": [
      0.7600121506021371,
      -1.4718765573817982
   ],
   "(22, 5, -26)": [
      0.9794013324010045,
      -1.2066740596737318
   ],
   "(-32, -4, 38)": [
      -1.1540155747858112,
      1.0290155747858112
   ],
   "(-64, -97, -74)": null,
   "(-51, -47, 15)": [
      -1.1724301742729217,
      0.2508615468219414
   ],
   "(38, -96, 38)": [
      2.034888331506062,
      0.4914274579676221
   ],
   "(82, 26, -49)": [
      0.630573561894477,
      -0.9476467326261844
   ],
   "(44, -77, -46)": [
      2.2207635548098876,
      -0.4707635548098877
   ],
   "(12, 11, 50)": null,
   "(-51, -38, -52)": null,
   "(-28, 51, -45)": null,
   "(-10, 41, 29)": [
      -0.6150515942472857,
      4.715051594247286
   ],
   "(-80, 75, -86)": null,
   "(84, 62, -43)": [
      0.4359995267950816,
      -1.1740947648903197
   ],
   "(-17, 90, -20)": [
      0.2324263821442597,
      5.061691264914564
   ],
   "(36, 79, 64)": null,
   "(21, -79, 59)": [
      2.7344499204254724,
      1.0274548414792894
   ],
   "(-15, -59, 13)": [
      -4.142544522715679,
      0.20921118938234523
   ],
   "(-73, 80, -74)": null,
   "(28, -73, 73)": null,
   "(-47, 98, 90)": [
      -0.6900202626839181,
      2.7751266456626413
   ],
   "(65, -97, -2)": [
      1.512648981754463,
      -0.020341289446770907
   ],
   "(-17, 7, -78)": null,
   "(58, 22, 57)": null,
   "(42, 8, 1)": null,
   "(60, 23, -96)": [
      1.087683211635243,
      -1.4710165449685764
   ],
   "(18, -1, -6)": [
      0.6057958901856892,
      -0.5502403346301337
   ],
   "(46, 26, -18)": [
      0.4038110175585628,
      -0.9690284088629106
   ],
   "(-6, 51, 25)": [
      -0.4647817199385453,
      8.964781719938545
   ],
   "(-43, -43, -60)": null,
   "(76, -23, -61)": [
      1.0599015295617689,
      -0.7572699506144005
   ],
   "(-33, -63, 45)": [
      -2.462787274821551,
      0.5536963657306416
   ],
   "(-53, 74, -95)": null,
   "(-91, 49, 24)": [
      -0.31061530589335845,
      0.8490768443548969
   ],
   "(-89, 35, 37)": [
      -0.47745786151062086,
      0.870716288476913
   ],
   "(-94, 15, 20)": [
      -0.3883280938019532,
      0.5479025618870595
   ],
   "(-73, 7, -27)": null,
   "(17, -24, -4)": [
      1.5623658693271196,
      -0.15060116344476682
   ],
   "(-56, -12, 27)": [
      -0.8097255561752144,
      0.5954398418895
   ],
   "(33, -82, -40)": [
      2.902466172703314,
      -0.4176176878548288
   ],
   "(-45, -33, 44)": [
      -1.4212861346370915,
      0.6879528013037582
   ],
   "(-97, 57, 54)": [
      -0.5080758038637632,
      1.0957046698431447
   ],
   "(-65, -56, 52)": [
      -1.4235240495324109,
      0.5619855879939494
   ],
   "(81, -81, -13)": [
      1.1406979219261553,
      -0.14069792192615535
   ],
   "(97, 27, 17)": null,
   "(79, -88, -52)": [
      1.5410527455988259,
      -0.4271286949659144
   ],
   "(0, -100, -62)": -0.62,
   "(-1, 99, 60)": [
      -0.6023951523277944,
      99.6023951523278
   ],
   "(17, 49, 91)": null,
   "(19, -67, -52)": [
      4.180918814893343,
      -0.654603025419659
   ],
   "(37, 87, -16)": [
      0.17141219332466864,
      -2.52276354467602
   ],
   "(97, -29, 55)": null,
   "(68, 53, 50)": null,
   "(-7, 29, 27)": [
      -0.7830344575268694,
      4.925891600384012
   ],
   "(33, -39, 80)": null,
   "(26, 73, -23)": [
      0.28594655778566747,
      -3.093638865477975
   ],
   "(-32, -20, 52)": [
      -1.625,
      1.0
   ],
   "(-69, -57, 87)": [
      -1.6094859048536534,
      0.7833989483319143
   ],
   "(72, 55, 24)": null,
   "(-49, -85, 50)": [
      -2.1987743214999886,
      0.4640804439489681
   ],
   "(-9, -17, -61)": null,
   "(74, 88, -79)": [
      0.5975087144724835,
      -1.7866979036616728
   ],
   "(-9, 76, 80)": [
      -0.9465348220502258,
      9.390979266494671
   ],
   "(-45, 85, 92)": [
      -0.7691540362640381,
      2.658042925152927
   ],
   "(-34, 46, -97)": null,
   "(-48, 21, 22)": [
      -0.4927167215220494,
      0.9302167215220494
   ],
   "(-70, -92, 23)": [
      -1.529156712116106,
      0.21487099783039157
   ],
   "(-77, 15, 46)": [
      -0.6816287648565672,
      0.8764339596617621
   ],
   "(-84, 60, -80)": null,
   "(80, 13, 33)": null,
   "(55, 17, 4)": null,
   "(4, 5, -33)": [
      2.3144940040762116,
      -3.5644940040762116
   ],
   "(-87, -97, 44)": [
      -1.4610869664406791,
      0.346144437705047
   ],
   "(77, -29, 51)": null,
   "(11, -63, -39)": [
      6.290860862935329,
      -0.5635881356626012
   ],
   "(-92, 57, 50)": [
      -0.4898695191198428,
      1.1094347365111472
   ],
   "(-28, -60, -12)": [
      -1.919595863359851,
      -0.22326127949729166
   ],
   "(-90, 30, 67)": [
      -0.7120950884309378,
      1.045428421764271
   ],
   "(-85, -52, 84)": [
      -1.3459781696611925,
      0.7342134637788397
   ],
   "(72, -6, 97)": null,
   "(85, -88, 64)": null,
   "(-17, 4, 74)": [
      -1.972037608039013,
      2.2073317256860716
   ],
   "(-44, -21, -98)": null,
   "(-54, -98, -84)": null,
   "(35, -50, 43)": null,
   "(-80, -14, 87)": [
      -1.1339971332975547,
      0.9589971332975548
   ],
   "(73, 48, 96)": null,
   "(25, 62, -8)": [
      0.12293800299206566,
      -2.6029380029920657
   ],
   "(-17, 23, -36)": null,
   "(24, 36, -21)": [
      0.44895788082817994,
      -1.94895788082818
   ],
   "(-54, 73, -29)": null,
   "(-59, -19, 30)": [
      -0.8920443318035473,
      0.5700104334984626
   ],
   "(-10, -93, -94)": [
      -8.146069221282668,
      -1.153930778717332
   ],
   "(39, -48, -52)": [
      1.9238308535562127,
      -0.6930616227869819
   ],
   "(-4, -65, -56)": [
      -15.337185868375828,
      -0.912814131624172
   ],
   "(41, 21, 72)": null,
   "(98, -32, 77)": null,
   "(-94, 93, 86)": [
      -0.582167681196168,
      1.5715293833238275
   ],
   "(22, -35, -24)": [
      2.1083357376396523,
      -0.5174266467305617
   ],
   "(96, -97, 44)": null,
   "(-31, 24, -35)": null,
   "(39, -56, -32)": [
      1.8737874532907328,
      -0.4378900173932968
   ],
   "(51, 62, -68)": [
      0.6970731868215557,
      -1.9127594613313597
   ],
   "(4, 50, -49)": [
      0.9132743909472012,
      -13.413274390947201
   ],
   "(97, -62, 12)": null,
   "(3, -56, -80)": [
      20.0,
      -1.3333333333333333
   ],
   "(97, 18, -94)": [
      0.895993994476716,
      -1.0815610047859943
   ],
   "(19, -28, -56)": [
      2.6050778262419843,
      -1.1313936157156683
   ],
   "(-80, -78, -94)": null,
   "(-39, -98, 79)": [
      -3.1548853702987456,
      0.6420648574782327
   ],
   "(50, -48, -1)": [
      0.9803998401278722,
      -0.020399840127872153
   ],
   "(-91, -28, -89)": null,
   "(51, 52, -30)": [
      0.4111387110445003,
      -1.4307465541817552
   ],
   "(-80, -85, 38)": [
      -1.4014376593586007,
      0.33893765935860054
   ],
   "(62, -41, -90)": [
      1.5800206556516094,
      -0.9187303330709643
   ],
   "(-79, 45, -17)": null,
   "(-58, 1, -87)": null,
   "(81, 79, 31)": null,